detection_id,B,G,R,nB,nG,nR,Compactness
432695681,4.5685,4.581,4.3506,0.0184,0.0184,0.0235,0.22840111198938143
432695682,9.4095,9.4325,8.1319,0.039,0.0391,0.045,0.16317136358672749
432695683,9.5631,9.5752,8.2632,0.0398,0.04,0.0456,0.16317136358672749
432695684,7.4647,7.4998,6.999,0.0298,0.0298,0.0377,0.15511613727099602
432695685,4.3294,4.3363,4.518,0.0172,0.0172,0.0233,0.19941430995731257
432695688,55.4231,55.2044,60.1588,0.3275,0.3294,0.3683,0.0502646717369248
