detection_id,B,G,R,nB,nG,nR,Compactness
432631285,7.4404,7.4143,9.9591,0.1083,0.1083,0.1196,0.12440706908215582
432631286,0.9376,2.8699,5.4444,0.0,0.0,0.011,0.11219063124580061
432631287,1.5468,2.1607,4.1535,0.0209,0.029,0.0395,0.18475840065665078
432631288,9.5488,9.3637,12.5313,0.4933,0.4918,0.5134,0.10471236017896915
432631291,4.5455,5.717,9.6025,0.0208,0.045,0.0626,0.09972671719555438
432631295,9.4528,9.3209,13.337,0.3468,0.3417,0.3624,0.08266986501266944
432631296,0.6048,3.1629,6.2733,0.0004,0.0,0.0133,0.09307904275505513
