detection_id,B,G,R,nB,nG,nR,Compactness
432284359,3.2614,3.2463,5.2077,0.37,0.3407,0.3072,0.12081909724428652
432284360,3.4047,3.3248,5.3445,0.4151,0.3933,0.3439,0.11853991327830876
432284361,4.137,4.0482,7.0233,0.4304,0.4057,0.3539,0.08433420746488306
432284362,6.2962,6.3357,9.8107,0.3639,0.3382,0.3098,0.06648685222060789
432284363,5.2226,5.3526,9.6979,0.4119,0.3969,0.3527,0.05737948033237819
432284375,2.0251,2.118,2.892,0.0383,0.0411,0.0266,0.1903544897796419
432284397,4.87,5.1207,6.5123,0.0907,0.0985,0.0978,0.18208192715442573
432284399,8.0902,7.9346,9.6507,0.0246,0.025,0.0313,0.12318763468639518
432284419,11.6762,11.4398,12.1001,0.6358,0.6145,0.4919,0.10926437976474195
